STRUCTURE,STRUCTURE_ID,STRUCTURE_NAME,freq,Time frequency,unit,Unit of measure,geo,Geopolitical entity (reporting),TIME_PERIOD,Time,OBS_VALUE,Observation value,OBS_FLAG,Observation status (Flag) V2 structure,CONF_STATUS,Confidentiality status (flag)
dataflow,ESTAT:NAMA_10R_2GDP(1.0),Gross domestic product (GDP) at current market prices by NUTS 2 region,A,Annual,PPS_EU27_2020_HAB,"Purchasing power standard (PPS, EU27 from 2020), per inhabitant",PL,Poland,2014,,18300,,,,,
dataflow,ESTAT:NAMA_10R_2GDP(1.0),Gross domestic product (GDP) at current market prices by NUTS 2 region,A,Annual,PPS_EU27_2020_HAB,"Purchasing power standard (PPS, EU27 from 2020), per inhabitant",PL,Poland,2015,,19400,,,,,
dataflow,ESTAT:NAMA_10R_2GDP(1.0),Gross domestic product (GDP) at current market prices by NUTS 2 region,A,Annual,PPS_EU27_2020_HAB,"Purchasing power standard (PPS, EU27 from 2020), per inhabitant",PL,Poland,2016,,19700,,,,,
dataflow,ESTAT:NAMA_10R_2GDP(1.0),Gross domestic product (GDP) at current market prices by NUTS 2 region,A,Annual,PPS_EU27_2020_HAB,"Purchasing power standard (PPS, EU27 from 2020), per inhabitant",PL,Poland,2017,,20700,,,,,
dataflow,ESTAT:NAMA_10R_2GDP(1.0),Gross domestic product (GDP) at current market prices by NUTS 2 region,A,Annual,PPS_EU27_2020_HAB,"Purchasing power standard (PPS, EU27 from 2020), per inhabitant",PL,Poland,2018,,21900,,,,,
dataflow,ESTAT:NAMA_10R_2GDP(1.0),Gross domestic product (GDP) at current market prices by NUTS 2 region,A,Annual,PPS_EU27_2020_HAB,"Purchasing power standard (PPS, EU27 from 2020), per inhabitant",PL,Poland,2019,,23300,,,,,
dataflow,ESTAT:NAMA_10R_2GDP(1.0),Gross domestic product (GDP) at current market prices by NUTS 2 region,A,Annual,PPS_EU27_2020_HAB,"Purchasing power standard (PPS, EU27 from 2020), per inhabitant",PL,Poland,2020,,23900,,b,break in time series,,
dataflow,ESTAT:NAMA_10R_2GDP(1.0),Gross domestic product (GDP) at current market prices by NUTS 2 region,A,Annual,PPS_EU27_2020_HAB,"Purchasing power standard (PPS, EU27 from 2020), per inhabitant",PL,Poland,2021,,26200,,,,,
dataflow,ESTAT:NAMA_10R_2GDP(1.0),Gross domestic product (GDP) at current market prices by NUTS 2 region,A,Annual,PPS_EU27_2020_HAB,"Purchasing power standard (PPS, EU27 from 2020), per inhabitant",PL,Poland,2022,,28200,,b,break in time series,,
dataflow,ESTAT:NAMA_10R_2GDP(1.0),Gross domestic product (GDP) at current market prices by NUTS 2 region,A,Annual,PPS_EU27_2020_HAB,"Purchasing power standard (PPS, EU27 from 2020), per inhabitant",PL,Poland,2023,,29500,,p,provisional,,
dataflow,ESTAT:NAMA_10R_2GDP(1.0),Gross domestic product (GDP) at current market prices by NUTS 2 region,A,Annual,PPS_EU27_2020_HAB,"Purchasing power standard (PPS, EU27 from 2020), per inhabitant",PL21,Małopolskie,2014,,16200,,,,,
dataflow,ESTAT:NAMA_10R_2GDP(1.0),Gross domestic product (GDP) at current market prices by NUTS 2 region,A,Annual,PPS_EU27_2020_HAB,"Purchasing power standard (PPS, EU27 from 2020), per inhabitant",PL21,Małopolskie,2015,,17500,,,,,
dataflow,ESTAT:NAMA_10R_2GDP(1.0),Gross domestic product (GDP) at current market prices by NUTS 2 region,A,Annual,PPS_EU27_2020_HAB,"Purchasing power standard (PPS, EU27 from 2020), per inhabitant",PL21,Małopolskie,2016,,17800,,,,,
dataflow,ESTAT:NAMA_10R_2GDP(1.0),Gross domestic product (GDP) at current market prices by NUTS 2 region,A,Annual,PPS_EU27_2020_HAB,"Purchasing power standard (PPS, EU27 from 2020), per inhabitant",PL21,Małopolskie,2017,,18900,,,,,
dataflow,ESTAT:NAMA_10R_2GDP(1.0),Gross domestic product (GDP) at current market prices by NUTS 2 region,A,Annual,PPS_EU27_2020_HAB,"Purchasing power standard (PPS, EU27 from 2020), per inhabitant",PL21,Małopolskie,2018,,20200,,,,,
dataflow,ESTAT:NAMA_10R_2GDP(1.0),Gross domestic product (GDP) at current market prices by NUTS 2 region,A,Annual,PPS_EU27_2020_HAB,"Purchasing power standard (PPS, EU27 from 2020), per inhabitant",PL21,Małopolskie,2019,,21300,,,,,
dataflow,ESTAT:NAMA_10R_2GDP(1.0),Gross domestic product (GDP) at current market prices by NUTS 2 region,A,Annual,PPS_EU27_2020_HAB,"Purchasing power standard (PPS, EU27 from 2020), per inhabitant",PL21,Małopolskie,2020,,21600,,b,break in time series,,
dataflow,ESTAT:NAMA_10R_2GDP(1.0),Gross domestic product (GDP) at current market prices by NUTS 2 region,A,Annual,PPS_EU27_2020_HAB,"Purchasing power standard (PPS, EU27 from 2020), per inhabitant",PL21,Małopolskie,2021,,23900,,,,,
dataflow,ESTAT:NAMA_10R_2GDP(1.0),Gross domestic product (GDP) at current market prices by NUTS 2 region,A,Annual,PPS_EU27_2020_HAB,"Purchasing power standard (PPS, EU27 from 2020), per inhabitant",PL21,Małopolskie,2022,,25000,,b,break in time series,,
dataflow,ESTAT:NAMA_10R_2GDP(1.0),Gross domestic product (GDP) at current market prices by NUTS 2 region,A,Annual,PPS_EU27_2020_HAB,"Purchasing power standard (PPS, EU27 from 2020), per inhabitant",PL21,Małopolskie,2023,,26200,,p,provisional,,
dataflow,ESTAT:NAMA_10R_2GDP(1.0),Gross domestic product (GDP) at current market prices by NUTS 2 region,A,Annual,PPS_EU27_2020_HAB,"Purchasing power standard (PPS, EU27 from 2020), per inhabitant",PL22,Śląskie,2014,,18900,,,,,
dataflow,ESTAT:NAMA_10R_2GDP(1.0),Gross domestic product (GDP) at current market prices by NUTS 2 region,A,Annual,PPS_EU27_2020_HAB,"Purchasing power standard (PPS, EU27 from 2020), per inhabitant",PL22,Śląskie,2015,,20100,,,,,
dataflow,ESTAT:NAMA_10R_2GDP(1.0),Gross domestic product (GDP) at current market prices by NUTS 2 region,A,Annual,PPS_EU27_2020_HAB,"Purchasing power standard (PPS, EU27 from 2020), per inhabitant",PL22,Śląskie,2016,,20400,,,,,
dataflow,ESTAT:NAMA_10R_2GDP(1.0),Gross domestic product (GDP) at current market prices by NUTS 2 region,A,Annual,PPS_EU27_2020_HAB,"Purchasing power standard (PPS, EU27 from 2020), per inhabitant",PL22,Śląskie,2017,,21400,,,,,
dataflow,ESTAT:NAMA_10R_2GDP(1.0),Gross domestic product (GDP) at current market prices by NUTS 2 region,A,Annual,PPS_EU27_2020_HAB,"Purchasing power standard (PPS, EU27 from 2020), per inhabitant",PL22,Śląskie,2018,,22700,,,,,
dataflow,ESTAT:NAMA_10R_2GDP(1.0),Gross domestic product (GDP) at current market prices by NUTS 2 region,A,Annual,PPS_EU27_2020_HAB,"Purchasing power standard (PPS, EU27 from 2020), per inhabitant",PL22,Śląskie,2019,,23900,,,,,
dataflow,ESTAT:NAMA_10R_2GDP(1.0),Gross domestic product (GDP) at current market prices by NUTS 2 region,A,Annual,PPS_EU27_2020_HAB,"Purchasing power standard (PPS, EU27 from 2020), per inhabitant",PL22,Śląskie,2020,,23900,,b,break in time series,,
dataflow,ESTAT:NAMA_10R_2GDP(1.0),Gross domestic product (GDP) at current market prices by NUTS 2 region,A,Annual,PPS_EU27_2020_HAB,"Purchasing power standard (PPS, EU27 from 2020), per inhabitant",PL22,Śląskie,2021,,26900,,,,,
dataflow,ESTAT:NAMA_10R_2GDP(1.0),Gross domestic product (GDP) at current market prices by NUTS 2 region,A,Annual,PPS_EU27_2020_HAB,"Purchasing power standard (PPS, EU27 from 2020), per inhabitant",PL22,Śląskie,2022,,29500,,b,break in time series,,
dataflow,ESTAT:NAMA_10R_2GDP(1.0),Gross domestic product (GDP) at current market prices by NUTS 2 region,A,Annual,PPS_EU27_2020_HAB,"Purchasing power standard (PPS, EU27 from 2020), per inhabitant",PL22,Śląskie,2023,,30500,,p,provisional,,
dataflow,ESTAT:NAMA_10R_2GDP(1.0),Gross domestic product (GDP) at current market prices by NUTS 2 region,A,Annual,PPS_EU27_2020_HAB,"Purchasing power standard (PPS, EU27 from 2020), per inhabitant",PL41,Wielkopolskie,2014,,19500,,,,,
dataflow,ESTAT:NAMA_10R_2GDP(1.0),Gross domestic product (GDP) at current market prices by NUTS 2 region,A,Annual,PPS_EU27_2020_HAB,"Purchasing power standard (PPS, EU27 from 2020), per inhabitant",PL41,Wielkopolskie,2015,,21000,,,,,
dataflow,ESTAT:NAMA_10R_2GDP(1.0),Gross domestic product (GDP) at current market prices by NUTS 2 region,A,Annual,PPS_EU27_2020_HAB,"Purchasing power standard (PPS, EU27 from 2020), per inhabitant",PL41,Wielkopolskie,2016,,21400,,,,,
dataflow,ESTAT:NAMA_10R_2GDP(1.0),Gross domestic product (GDP) at current market prices by NUTS 2 region,A,Annual,PPS_EU27_2020_HAB,"Purchasing power standard (PPS, EU27 from 2020), per inhabitant",PL41,Wielkopolskie,2017,,22600,,,,,
dataflow,ESTAT:NAMA_10R_2GDP(1.0),Gross domestic product (GDP) at current market prices by NUTS 2 region,A,Annual,PPS_EU27_2020_HAB,"Purchasing power standard (PPS, EU27 from 2020), per inhabitant",PL41,Wielkopolskie,2018,,23600,,,,,
dataflow,ESTAT:NAMA_10R_2GDP(1.0),Gross domestic product (GDP) at current market prices by NUTS 2 region,A,Annual,PPS_EU27_2020_HAB,"Purchasing power standard (PPS, EU27 from 2020), per inhabitant",PL41,Wielkopolskie,2019,,25200,,,,,
dataflow,ESTAT:NAMA_10R_2GDP(1.0),Gross domestic product (GDP) at current market prices by NUTS 2 region,A,Annual,PPS_EU27_2020_HAB,"Purchasing power standard (PPS, EU27 from 2020), per inhabitant",PL41,Wielkopolskie,2020,,25600,,b,break in time series,,
dataflow,ESTAT:NAMA_10R_2GDP(1.0),Gross domestic product (GDP) at current market prices by NUTS 2 region,A,Annual,PPS_EU27_2020_HAB,"Purchasing power standard (PPS, EU27 from 2020), per inhabitant",PL41,Wielkopolskie,2021,,27700,,,,,
dataflow,ESTAT:NAMA_10R_2GDP(1.0),Gross domestic product (GDP) at current market prices by NUTS 2 region,A,Annual,PPS_EU27_2020_HAB,"Purchasing power standard (PPS, EU27 from 2020), per inhabitant",PL41,Wielkopolskie,2022,,29400,,b,break in time series,,
dataflow,ESTAT:NAMA_10R_2GDP(1.0),Gross domestic product (GDP) at current market prices by NUTS 2 region,A,Annual,PPS_EU27_2020_HAB,"Purchasing power standard (PPS, EU27 from 2020), per inhabitant",PL41,Wielkopolskie,2023,,30800,,p,provisional,,
dataflow,ESTAT:NAMA_10R_2GDP(1.0),Gross domestic product (GDP) at current market prices by NUTS 2 region,A,Annual,PPS_EU27_2020_HAB,"Purchasing power standard (PPS, EU27 from 2020), per inhabitant",PL42,Zachodniopomorskie,2014,,15500,,,,,
dataflow,ESTAT:NAMA_10R_2GDP(1.0),Gross domestic product (GDP) at current market prices by NUTS 2 region,A,Annual,PPS_EU27_2020_HAB,"Purchasing power standard (PPS, EU27 from 2020), per inhabitant",PL42,Zachodniopomorskie,2015,,16600,,,,,
dataflow,ESTAT:NAMA_10R_2GDP(1.0),Gross domestic product (GDP) at current market prices by NUTS 2 region,A,Annual,PPS_EU27_2020_HAB,"Purchasing power standard (PPS, EU27 from 2020), per inhabitant",PL42,Zachodniopomorskie,2016,,16700,,,,,
dataflow,ESTAT:NAMA_10R_2GDP(1.0),Gross domestic product (GDP) at current market prices by NUTS 2 region,A,Annual,PPS_EU27_2020_HAB,"Purchasing power standard (PPS, EU27 from 2020), per inhabitant",PL42,Zachodniopomorskie,2017,,17500,,,,,
dataflow,ESTAT:NAMA_10R_2GDP(1.0),Gross domestic product (GDP) at current market prices by NUTS 2 region,A,Annual,PPS_EU27_2020_HAB,"Purchasing power standard (PPS, EU27 from 2020), per inhabitant",PL42,Zachodniopomorskie,2018,,18500,,,,,
dataflow,ESTAT:NAMA_10R_2GDP(1.0),Gross domestic product (GDP) at current market prices by NUTS 2 region,A,Annual,PPS_EU27_2020_HAB,"Purchasing power standard (PPS, EU27 from 2020), per inhabitant",PL42,Zachodniopomorskie,2019,,19500,,,,,
dataflow,ESTAT:NAMA_10R_2GDP(1.0),Gross domestic product (GDP) at current market prices by NUTS 2 region,A,Annual,PPS_EU27_2020_HAB,"Purchasing power standard (PPS, EU27 from 2020), per inhabitant",PL42,Zachodniopomorskie,2020,,20300,,b,break in time series,,
dataflow,ESTAT:NAMA_10R_2GDP(1.0),Gross domestic product (GDP) at current market prices by NUTS 2 region,A,Annual,PPS_EU27_2020_HAB,"Purchasing power standard (PPS, EU27 from 2020), per inhabitant",PL42,Zachodniopomorskie,2021,,22100,,,,,
dataflow,ESTAT:NAMA_10R_2GDP(1.0),Gross domestic product (GDP) at current market prices by NUTS 2 region,A,Annual,PPS_EU27_2020_HAB,"Purchasing power standard (PPS, EU27 from 2020), per inhabitant",PL42,Zachodniopomorskie,2022,,23100,,b,break in time series,,
dataflow,ESTAT:NAMA_10R_2GDP(1.0),Gross domestic product (GDP) at current market prices by NUTS 2 region,A,Annual,PPS_EU27_2020_HAB,"Purchasing power standard (PPS, EU27 from 2020), per inhabitant",PL42,Zachodniopomorskie,2023,,24100,,p,provisional,,
dataflow,ESTAT:NAMA_10R_2GDP(1.0),Gross domestic product (GDP) at current market prices by NUTS 2 region,A,Annual,PPS_EU27_2020_HAB,"Purchasing power standard (PPS, EU27 from 2020), per inhabitant",PL43,Lubuskie,2014,,15500,,,,,
dataflow,ESTAT:NAMA_10R_2GDP(1.0),Gross domestic product (GDP) at current market prices by NUTS 2 region,A,Annual,PPS_EU27_2020_HAB,"Purchasing power standard (PPS, EU27 from 2020), per inhabitant",PL43,Lubuskie,2015,,16200,,,,,
dataflow,ESTAT:NAMA_10R_2GDP(1.0),Gross domestic product (GDP) at current market prices by NUTS 2 region,A,Annual,PPS_EU27_2020_HAB,"Purchasing power standard (PPS, EU27 from 2020), per inhabitant",PL43,Lubuskie,2016,,16600,,,,,
dataflow,ESTAT:NAMA_10R_2GDP(1.0),Gross domestic product (GDP) at current market prices by NUTS 2 region,A,Annual,PPS_EU27_2020_HAB,"Purchasing power standard (PPS, EU27 from 2020), per inhabitant",PL43,Lubuskie,2017,,17200,,,,,
dataflow,ESTAT:NAMA_10R_2GDP(1.0),Gross domestic product (GDP) at current market prices by NUTS 2 region,A,Annual,PPS_EU27_2020_HAB,"Purchasing power standard (PPS, EU27 from 2020), per inhabitant",PL43,Lubuskie,2018,,18000,,,,,
dataflow,ESTAT:NAMA_10R_2GDP(1.0),Gross domestic product (GDP) at current market prices by NUTS 2 region,A,Annual,PPS_EU27_2020_HAB,"Purchasing power standard (PPS, EU27 from 2020), per inhabitant",PL43,Lubuskie,2019,,18900,,,,,
dataflow,ESTAT:NAMA_10R_2GDP(1.0),Gross domestic product (GDP) at current market prices by NUTS 2 region,A,Annual,PPS_EU27_2020_HAB,"Purchasing power standard (PPS, EU27 from 2020), per inhabitant",PL43,Lubuskie,2020,,19700,,b,break in time series,,
dataflow,ESTAT:NAMA_10R_2GDP(1.0),Gross domestic product (GDP) at current market prices by NUTS 2 region,A,Annual,PPS_EU27_2020_HAB,"Purchasing power standard (PPS, EU27 from 2020), per inhabitant",PL43,Lubuskie,2021,,21500,,,,,
dataflow,ESTAT:NAMA_10R_2GDP(1.0),Gross domestic product (GDP) at current market prices by NUTS 2 region,A,Annual,PPS_EU27_2020_HAB,"Purchasing power standard (PPS, EU27 from 2020), per inhabitant",PL43,Lubuskie,2022,,22900,,b,break in time series,,
dataflow,ESTAT:NAMA_10R_2GDP(1.0),Gross domestic product (GDP) at current market prices by NUTS 2 region,A,Annual,PPS_EU27_2020_HAB,"Purchasing power standard (PPS, EU27 from 2020), per inhabitant",PL43,Lubuskie,2023,,23500,,p,provisional,,
dataflow,ESTAT:NAMA_10R_2GDP(1.0),Gross domestic product (GDP) at current market prices by NUTS 2 region,A,Annual,PPS_EU27_2020_HAB,"Purchasing power standard (PPS, EU27 from 2020), per inhabitant",PL51,Dolnośląskie,2014,,20500,,,,,
dataflow,ESTAT:NAMA_10R_2GDP(1.0),Gross domestic product (GDP) at current market prices by NUTS 2 region,A,Annual,PPS_EU27_2020_HAB,"Purchasing power standard (PPS, EU27 from 2020), per inhabitant",PL51,Dolnośląskie,2015,,21700,,,,,
dataflow,ESTAT:NAMA_10R_2GDP(1.0),Gross domestic product (GDP) at current market prices by NUTS 2 region,A,Annual,PPS_EU27_2020_HAB,"Purchasing power standard (PPS, EU27 from 2020), per inhabitant",PL51,Dolnośląskie,2016,,21900,,,,,
dataflow,ESTAT:NAMA_10R_2GDP(1.0),Gross domestic product (GDP) at current market prices by NUTS 2 region,A,Annual,PPS_EU27_2020_HAB,"Purchasing power standard (PPS, EU27 from 2020), per inhabitant",PL51,Dolnośląskie,2017,,22900,,,,,
dataflow,ESTAT:NAMA_10R_2GDP(1.0),Gross domestic product (GDP) at current market prices by NUTS 2 region,A,Annual,PPS_EU27_2020_HAB,"Purchasing power standard (PPS, EU27 from 2020), per inhabitant",PL51,Dolnośląskie,2018,,24000,,,,,
dataflow,ESTAT:NAMA_10R_2GDP(1.0),Gross domestic product (GDP) at current market prices by NUTS 2 region,A,Annual,PPS_EU27_2020_HAB,"Purchasing power standard (PPS, EU27 from 2020), per inhabitant",PL51,Dolnośląskie,2019,,25500,,,,,
dataflow,ESTAT:NAMA_10R_2GDP(1.0),Gross domestic product (GDP) at current market prices by NUTS 2 region,A,Annual,PPS_EU27_2020_HAB,"Purchasing power standard (PPS, EU27 from 2020), per inhabitant",PL51,Dolnośląskie,2020,,26100,,b,break in time series,,
dataflow,ESTAT:NAMA_10R_2GDP(1.0),Gross domestic product (GDP) at current market prices by NUTS 2 region,A,Annual,PPS_EU27_2020_HAB,"Purchasing power standard (PPS, EU27 from 2020), per inhabitant",PL51,Dolnośląskie,2021,,29000,,,,,
dataflow,ESTAT:NAMA_10R_2GDP(1.0),Gross domestic product (GDP) at current market prices by NUTS 2 region,A,Annual,PPS_EU27_2020_HAB,"Purchasing power standard (PPS, EU27 from 2020), per inhabitant",PL51,Dolnośląskie,2022,,30300,,b,break in time series,,
dataflow,ESTAT:NAMA_10R_2GDP(1.0),Gross domestic product (GDP) at current market prices by NUTS 2 region,A,Annual,PPS_EU27_2020_HAB,"Purchasing power standard (PPS, EU27 from 2020), per inhabitant",PL51,Dolnośląskie,2023,,31600,,p,provisional,,
dataflow,ESTAT:NAMA_10R_2GDP(1.0),Gross domestic product (GDP) at current market prices by NUTS 2 region,A,Annual,PPS_EU27_2020_HAB,"Purchasing power standard (PPS, EU27 from 2020), per inhabitant",PL52,Opolskie,2014,,15400,,,,,
dataflow,ESTAT:NAMA_10R_2GDP(1.0),Gross domestic product (GDP) at current market prices by NUTS 2 region,A,Annual,PPS_EU27_2020_HAB,"Purchasing power standard (PPS, EU27 from 2020), per inhabitant",PL52,Opolskie,2015,,16200,,,,,
dataflow,ESTAT:NAMA_10R_2GDP(1.0),Gross domestic product (GDP) at current market prices by NUTS 2 region,A,Annual,PPS_EU27_2020_HAB,"Purchasing power standard (PPS, EU27 from 2020), per inhabitant",PL52,Opolskie,2016,,16300,,,,,
dataflow,ESTAT:NAMA_10R_2GDP(1.0),Gross domestic product (GDP) at current market prices by NUTS 2 region,A,Annual,PPS_EU27_2020_HAB,"Purchasing power standard (PPS, EU27 from 2020), per inhabitant",PL52,Opolskie,2017,,17000,,,,,
dataflow,ESTAT:NAMA_10R_2GDP(1.0),Gross domestic product (GDP) at current market prices by NUTS 2 region,A,Annual,PPS_EU27_2020_HAB,"Purchasing power standard (PPS, EU27 from 2020), per inhabitant",PL52,Opolskie,2018,,17900,,,,,
dataflow,ESTAT:NAMA_10R_2GDP(1.0),Gross domestic product (GDP) at current market prices by NUTS 2 region,A,Annual,PPS_EU27_2020_HAB,"Purchasing power standard (PPS, EU27 from 2020), per inhabitant",PL52,Opolskie,2019,,19000,,,,,
dataflow,ESTAT:NAMA_10R_2GDP(1.0),Gross domestic product (GDP) at current market prices by NUTS 2 region,A,Annual,PPS_EU27_2020_HAB,"Purchasing power standard (PPS, EU27 from 2020), per inhabitant",PL52,Opolskie,2020,,19400,,b,break in time series,,
dataflow,ESTAT:NAMA_10R_2GDP(1.0),Gross domestic product (GDP) at current market prices by NUTS 2 region,A,Annual,PPS_EU27_2020_HAB,"Purchasing power standard (PPS, EU27 from 2020), per inhabitant",PL52,Opolskie,2021,,21900,,,,,
dataflow,ESTAT:NAMA_10R_2GDP(1.0),Gross domestic product (GDP) at current market prices by NUTS 2 region,A,Annual,PPS_EU27_2020_HAB,"Purchasing power standard (PPS, EU27 from 2020), per inhabitant",PL52,Opolskie,2022,,22900,,b,break in time series,,
dataflow,ESTAT:NAMA_10R_2GDP(1.0),Gross domestic product (GDP) at current market prices by NUTS 2 region,A,Annual,PPS_EU27_2020_HAB,"Purchasing power standard (PPS, EU27 from 2020), per inhabitant",PL52,Opolskie,2023,,23700,,p,provisional,,
dataflow,ESTAT:NAMA_10R_2GDP(1.0),Gross domestic product (GDP) at current market prices by NUTS 2 region,A,Annual,PPS_EU27_2020_HAB,"Purchasing power standard (PPS, EU27 from 2020), per inhabitant",PL61,Kujawsko-pomorskie,2014,,14900,,,,,
dataflow,ESTAT:NAMA_10R_2GDP(1.0),Gross domestic product (GDP) at current market prices by NUTS 2 region,A,Annual,PPS_EU27_2020_HAB,"Purchasing power standard (PPS, EU27 from 2020), per inhabitant",PL61,Kujawsko-pomorskie,2015,,15800,,,,,
dataflow,ESTAT:NAMA_10R_2GDP(1.0),Gross domestic product (GDP) at current market prices by NUTS 2 region,A,Annual,PPS_EU27_2020_HAB,"Purchasing power standard (PPS, EU27 from 2020), per inhabitant",PL61,Kujawsko-pomorskie,2016,,16100,,,,,
dataflow,ESTAT:NAMA_10R_2GDP(1.0),Gross domestic product (GDP) at current market prices by NUTS 2 region,A,Annual,PPS_EU27_2020_HAB,"Purchasing power standard (PPS, EU27 from 2020), per inhabitant",PL61,Kujawsko-pomorskie,2017,,16800,,,,,
dataflow,ESTAT:NAMA_10R_2GDP(1.0),Gross domestic product (GDP) at current market prices by NUTS 2 region,A,Annual,PPS_EU27_2020_HAB,"Purchasing power standard (PPS, EU27 from 2020), per inhabitant",PL61,Kujawsko-pomorskie,2018,,17800,,,,,
dataflow,ESTAT:NAMA_10R_2GDP(1.0),Gross domestic product (GDP) at current market prices by NUTS 2 region,A,Annual,PPS_EU27_2020_HAB,"Purchasing power standard (PPS, EU27 from 2020), per inhabitant",PL61,Kujawsko-pomorskie,2019,,18600,,,,,
dataflow,ESTAT:NAMA_10R_2GDP(1.0),Gross domestic product (GDP) at current market prices by NUTS 2 region,A,Annual,PPS_EU27_2020_HAB,"Purchasing power standard (PPS, EU27 from 2020), per inhabitant",PL61,Kujawsko-pomorskie,2020,,19700,,b,break in time series,,
dataflow,ESTAT:NAMA_10R_2GDP(1.0),Gross domestic product (GDP) at current market prices by NUTS 2 region,A,Annual,PPS_EU27_2020_HAB,"Purchasing power standard (PPS, EU27 from 2020), per inhabitant",PL61,Kujawsko-pomorskie,2021,,21500,,,,,
dataflow,ESTAT:NAMA_10R_2GDP(1.0),Gross domestic product (GDP) at current market prices by NUTS 2 region,A,Annual,PPS_EU27_2020_HAB,"Purchasing power standard (PPS, EU27 from 2020), per inhabitant",PL61,Kujawsko-pomorskie,2022,,23400,,b,break in time series,,
dataflow,ESTAT:NAMA_10R_2GDP(1.0),Gross domestic product (GDP) at current market prices by NUTS 2 region,A,Annual,PPS_EU27_2020_HAB,"Purchasing power standard (PPS, EU27 from 2020), per inhabitant",PL61,Kujawsko-pomorskie,2023,,23700,,p,provisional,,
dataflow,ESTAT:NAMA_10R_2GDP(1.0),Gross domestic product (GDP) at current market prices by NUTS 2 region,A,Annual,PPS_EU27_2020_HAB,"Purchasing power standard (PPS, EU27 from 2020), per inhabitant",PL62,Warmińsko-mazurskie,2014,,13300,,,,,
dataflow,ESTAT:NAMA_10R_2GDP(1.0),Gross domestic product (GDP) at current market prices by NUTS 2 region,A,Annual,PPS_EU27_2020_HAB,"Purchasing power standard (PPS, EU27 from 2020), per inhabitant",PL62,Warmińsko-mazurskie,2015,,13900,,,,,
dataflow,ESTAT:NAMA_10R_2GDP(1.0),Gross domestic product (GDP) at current market prices by NUTS 2 region,A,Annual,PPS_EU27_2020_HAB,"Purchasing power standard (PPS, EU27 from 2020), per inhabitant",PL62,Warmińsko-mazurskie,2016,,14200,,,,,
dataflow,ESTAT:NAMA_10R_2GDP(1.0),Gross domestic product (GDP) at current market prices by NUTS 2 region,A,Annual,PPS_EU27_2020_HAB,"Purchasing power standard (PPS, EU27 from 2020), per inhabitant",PL62,Warmińsko-mazurskie,2017,,14700,,,,,
dataflow,ESTAT:NAMA_10R_2GDP(1.0),Gross domestic product (GDP) at current market prices by NUTS 2 region,A,Annual,PPS_EU27_2020_HAB,"Purchasing power standard (PPS, EU27 from 2020), per inhabitant",PL62,Warmińsko-mazurskie,2018,,15300,,,,,
dataflow,ESTAT:NAMA_10R_2GDP(1.0),Gross domestic product (GDP) at current market prices by NUTS 2 region,A,Annual,PPS_EU27_2020_HAB,"Purchasing power standard (PPS, EU27 from 2020), per inhabitant",PL62,Warmińsko-mazurskie,2019,,16100,,,,,
dataflow,ESTAT:NAMA_10R_2GDP(1.0),Gross domestic product (GDP) at current market prices by NUTS 2 region,A,Annual,PPS_EU27_2020_HAB,"Purchasing power standard (PPS, EU27 from 2020), per inhabitant",PL62,Warmińsko-mazurskie,2020,,17300,,b,break in time series,,
dataflow,ESTAT:NAMA_10R_2GDP(1.0),Gross domestic product (GDP) at current market prices by NUTS 2 region,A,Annual,PPS_EU27_2020_HAB,"Purchasing power standard (PPS, EU27 from 2020), per inhabitant",PL62,Warmińsko-mazurskie,2021,,18900,,,,,
dataflow,ESTAT:NAMA_10R_2GDP(1.0),Gross domestic product (GDP) at current market prices by NUTS 2 region,A,Annual,PPS_EU27_2020_HAB,"Purchasing power standard (PPS, EU27 from 2020), per inhabitant",PL62,Warmińsko-mazurskie,2022,,20100,,b,break in time series,,
dataflow,ESTAT:NAMA_10R_2GDP(1.0),Gross domestic product (GDP) at current market prices by NUTS 2 region,A,Annual,PPS_EU27_2020_HAB,"Purchasing power standard (PPS, EU27 from 2020), per inhabitant",PL62,Warmińsko-mazurskie,2023,,20700,,p,provisional,,
dataflow,ESTAT:NAMA_10R_2GDP(1.0),Gross domestic product (GDP) at current market prices by NUTS 2 region,A,Annual,PPS_EU27_2020_HAB,"Purchasing power standard (PPS, EU27 from 2020), per inhabitant",PL63,Pomorskie,2014,,17400,,,,,
dataflow,ESTAT:NAMA_10R_2GDP(1.0),Gross domestic product (GDP) at current market prices by NUTS 2 region,A,Annual,PPS_EU27_2020_HAB,"Purchasing power standard (PPS, EU27 from 2020), per inhabitant",PL63,Pomorskie,2015,,18700,,,,,
dataflow,ESTAT:NAMA_10R_2GDP(1.0),Gross domestic product (GDP) at current market prices by NUTS 2 region,A,Annual,PPS_EU27_2020_HAB,"Purchasing power standard (PPS, EU27 from 2020), per inhabitant",PL63,Pomorskie,2016,,19100,,,,,
dataflow,ESTAT:NAMA_10R_2GDP(1.0),Gross domestic product (GDP) at current market prices by NUTS 2 region,A,Annual,PPS_EU27_2020_HAB,"Purchasing power standard (PPS, EU27 from 2020), per inhabitant",PL63,Pomorskie,2017,,20000,,,,,
dataflow,ESTAT:NAMA_10R_2GDP(1.0),Gross domestic product (GDP) at current market prices by NUTS 2 region,A,Annual,PPS_EU27_2020_HAB,"Purchasing power standard (PPS, EU27 from 2020), per inhabitant",PL63,Pomorskie,2018,,21300,,,,,
dataflow,ESTAT:NAMA_10R_2GDP(1.0),Gross domestic product (GDP) at current market prices by NUTS 2 region,A,Annual,PPS_EU27_2020_HAB,"Purchasing power standard (PPS, EU27 from 2020), per inhabitant",PL63,Pomorskie,2019,,22700,,,,,
dataflow,ESTAT:NAMA_10R_2GDP(1.0),Gross domestic product (GDP) at current market prices by NUTS 2 region,A,Annual,PPS_EU27_2020_HAB,"Purchasing power standard (PPS, EU27 from 2020), per inhabitant",PL63,Pomorskie,2020,,22300,,b,break in time series,,
dataflow,ESTAT:NAMA_10R_2GDP(1.0),Gross domestic product (GDP) at current market prices by NUTS 2 region,A,Annual,PPS_EU27_2020_HAB,"Purchasing power standard (PPS, EU27 from 2020), per inhabitant",PL63,Pomorskie,2021,,25100,,,,,
dataflow,ESTAT:NAMA_10R_2GDP(1.0),Gross domestic product (GDP) at current market prices by NUTS 2 region,A,Annual,PPS_EU27_2020_HAB,"Purchasing power standard (PPS, EU27 from 2020), per inhabitant",PL63,Pomorskie,2022,,27700,,b,break in time series,,
dataflow,ESTAT:NAMA_10R_2GDP(1.0),Gross domestic product (GDP) at current market prices by NUTS 2 region,A,Annual,PPS_EU27_2020_HAB,"Purchasing power standard (PPS, EU27 from 2020), per inhabitant",PL63,Pomorskie,2023,,28100,,p,provisional,,
dataflow,ESTAT:NAMA_10R_2GDP(1.0),Gross domestic product (GDP) at current market prices by NUTS 2 region,A,Annual,PPS_EU27_2020_HAB,"Purchasing power standard (PPS, EU27 from 2020), per inhabitant",PL71,Łódzkie,2014,,17100,,,,,
dataflow,ESTAT:NAMA_10R_2GDP(1.0),Gross domestic product (GDP) at current market prices by NUTS 2 region,A,Annual,PPS_EU27_2020_HAB,"Purchasing power standard (PPS, EU27 from 2020), per inhabitant",PL71,Łódzkie,2015,,18100,,,,,
dataflow,ESTAT:NAMA_10R_2GDP(1.0),Gross domestic product (GDP) at current market prices by NUTS 2 region,A,Annual,PPS_EU27_2020_HAB,"Purchasing power standard (PPS, EU27 from 2020), per inhabitant",PL71,Łódzkie,2016,,18300,,,,,
dataflow,ESTAT:NAMA_10R_2GDP(1.0),Gross domestic product (GDP) at current market prices by NUTS 2 region,A,Annual,PPS_EU27_2020_HAB,"Purchasing power standard (PPS, EU27 from 2020), per inhabitant",PL71,Łódzkie,2017,,19200,,,,,
dataflow,ESTAT:NAMA_10R_2GDP(1.0),Gross domestic product (GDP) at current market prices by NUTS 2 region,A,Annual,PPS_EU27_2020_HAB,"Purchasing power standard (PPS, EU27 from 2020), per inhabitant",PL71,Łódzkie,2018,,20300,,,,,
dataflow,ESTAT:NAMA_10R_2GDP(1.0),Gross domestic product (GDP) at current market prices by NUTS 2 region,A,Annual,PPS_EU27_2020_HAB,"Purchasing power standard (PPS, EU27 from 2020), per inhabitant",PL71,Łódzkie,2019,,21800,,,,,
dataflow,ESTAT:NAMA_10R_2GDP(1.0),Gross domestic product (GDP) at current market prices by NUTS 2 region,A,Annual,PPS_EU27_2020_HAB,"Purchasing power standard (PPS, EU27 from 2020), per inhabitant",PL71,Łódzkie,2020,,23100,,b,break in time series,,
dataflow,ESTAT:NAMA_10R_2GDP(1.0),Gross domestic product (GDP) at current market prices by NUTS 2 region,A,Annual,PPS_EU27_2020_HAB,"Purchasing power standard (PPS, EU27 from 2020), per inhabitant",PL71,Łódzkie,2021,,25000,,,,,
dataflow,ESTAT:NAMA_10R_2GDP(1.0),Gross domestic product (GDP) at current market prices by NUTS 2 region,A,Annual,PPS_EU27_2020_HAB,"Purchasing power standard (PPS, EU27 from 2020), per inhabitant",PL71,Łódzkie,2022,,26500,,b,break in time series,,
dataflow,ESTAT:NAMA_10R_2GDP(1.0),Gross domestic product (GDP) at current market prices by NUTS 2 region,A,Annual,PPS_EU27_2020_HAB,"Purchasing power standard (PPS, EU27 from 2020), per inhabitant",PL71,Łódzkie,2023,,27900,,p,provisional,,
dataflow,ESTAT:NAMA_10R_2GDP(1.0),Gross domestic product (GDP) at current market prices by NUTS 2 region,A,Annual,PPS_EU27_2020_HAB,"Purchasing power standard (PPS, EU27 from 2020), per inhabitant",PL72,Świętokrzyskie,2014,,13400,,,,,
dataflow,ESTAT:NAMA_10R_2GDP(1.0),Gross domestic product (GDP) at current market prices by NUTS 2 region,A,Annual,PPS_EU27_2020_HAB,"Purchasing power standard (PPS, EU27 from 2020), per inhabitant",PL72,Świętokrzyskie,2015,,14100,,,,,
dataflow,ESTAT:NAMA_10R_2GDP(1.0),Gross domestic product (GDP) at current market prices by NUTS 2 region,A,Annual,PPS_EU27_2020_HAB,"Purchasing power standard (PPS, EU27 from 2020), per inhabitant",PL72,Świętokrzyskie,2016,,14200,,,,,
dataflow,ESTAT:NAMA_10R_2GDP(1.0),Gross domestic product (GDP) at current market prices by NUTS 2 region,A,Annual,PPS_EU27_2020_HAB,"Purchasing power standard (PPS, EU27 from 2020), per inhabitant",PL72,Świętokrzyskie,2017,,14900,,,,,
dataflow,ESTAT:NAMA_10R_2GDP(1.0),Gross domestic product (GDP) at current market prices by NUTS 2 region,A,Annual,PPS_EU27_2020_HAB,"Purchasing power standard (PPS, EU27 from 2020), per inhabitant",PL72,Świętokrzyskie,2018,,15900,,,,,
dataflow,ESTAT:NAMA_10R_2GDP(1.0),Gross domestic product (GDP) at current market prices by NUTS 2 region,A,Annual,PPS_EU27_2020_HAB,"Purchasing power standard (PPS, EU27 from 2020), per inhabitant",PL72,Świętokrzyskie,2019,,16700,,,,,
dataflow,ESTAT:NAMA_10R_2GDP(1.0),Gross domestic product (GDP) at current market prices by NUTS 2 region,A,Annual,PPS_EU27_2020_HAB,"Purchasing power standard (PPS, EU27 from 2020), per inhabitant",PL72,Świętokrzyskie,2020,,18000,,b,break in time series,,
dataflow,ESTAT:NAMA_10R_2GDP(1.0),Gross domestic product (GDP) at current market prices by NUTS 2 region,A,Annual,PPS_EU27_2020_HAB,"Purchasing power standard (PPS, EU27 from 2020), per inhabitant",PL72,Świętokrzyskie,2021,,19600,,,,,
dataflow,ESTAT:NAMA_10R_2GDP(1.0),Gross domestic product (GDP) at current market prices by NUTS 2 region,A,Annual,PPS_EU27_2020_HAB,"Purchasing power standard (PPS, EU27 from 2020), per inhabitant",PL72,Świętokrzyskie,2022,,20600,,b,break in time series,,
dataflow,ESTAT:NAMA_10R_2GDP(1.0),Gross domestic product (GDP) at current market prices by NUTS 2 region,A,Annual,PPS_EU27_2020_HAB,"Purchasing power standard (PPS, EU27 from 2020), per inhabitant",PL72,Świętokrzyskie,2023,,22000,,p,provisional,,
dataflow,ESTAT:NAMA_10R_2GDP(1.0),Gross domestic product (GDP) at current market prices by NUTS 2 region,A,Annual,PPS_EU27_2020_HAB,"Purchasing power standard (PPS, EU27 from 2020), per inhabitant",PL81,Lubelskie,2014,,12800,,,,,
dataflow,ESTAT:NAMA_10R_2GDP(1.0),Gross domestic product (GDP) at current market prices by NUTS 2 region,A,Annual,PPS_EU27_2020_HAB,"Purchasing power standard (PPS, EU27 from 2020), per inhabitant",PL81,Lubelskie,2015,,13400,,,,,
dataflow,ESTAT:NAMA_10R_2GDP(1.0),Gross domestic product (GDP) at current market prices by NUTS 2 region,A,Annual,PPS_EU27_2020_HAB,"Purchasing power standard (PPS, EU27 from 2020), per inhabitant",PL81,Lubelskie,2016,,13600,,,,,
dataflow,ESTAT:NAMA_10R_2GDP(1.0),Gross domestic product (GDP) at current market prices by NUTS 2 region,A,Annual,PPS_EU27_2020_HAB,"Purchasing power standard (PPS, EU27 from 2020), per inhabitant",PL81,Lubelskie,2017,,14400,,,,,
dataflow,ESTAT:NAMA_10R_2GDP(1.0),Gross domestic product (GDP) at current market prices by NUTS 2 region,A,Annual,PPS_EU27_2020_HAB,"Purchasing power standard (PPS, EU27 from 2020), per inhabitant",PL81,Lubelskie,2018,,14900,,,,,
dataflow,ESTAT:NAMA_10R_2GDP(1.0),Gross domestic product (GDP) at current market prices by NUTS 2 region,A,Annual,PPS_EU27_2020_HAB,"Purchasing power standard (PPS, EU27 from 2020), per inhabitant",PL81,Lubelskie,2019,,15900,,,,,
dataflow,ESTAT:NAMA_10R_2GDP(1.0),Gross domestic product (GDP) at current market prices by NUTS 2 region,A,Annual,PPS_EU27_2020_HAB,"Purchasing power standard (PPS, EU27 from 2020), per inhabitant",PL81,Lubelskie,2020,,16900,,b,break in time series,,
dataflow,ESTAT:NAMA_10R_2GDP(1.0),Gross domestic product (GDP) at current market prices by NUTS 2 region,A,Annual,PPS_EU27_2020_HAB,"Purchasing power standard (PPS, EU27 from 2020), per inhabitant",PL81,Lubelskie,2021,,18400,,,,,
dataflow,ESTAT:NAMA_10R_2GDP(1.0),Gross domestic product (GDP) at current market prices by NUTS 2 region,A,Annual,PPS_EU27_2020_HAB,"Purchasing power standard (PPS, EU27 from 2020), per inhabitant",PL81,Lubelskie,2022,,19700,,b,break in time series,,
dataflow,ESTAT:NAMA_10R_2GDP(1.0),Gross domestic product (GDP) at current market prices by NUTS 2 region,A,Annual,PPS_EU27_2020_HAB,"Purchasing power standard (PPS, EU27 from 2020), per inhabitant",PL81,Lubelskie,2023,,20300,,p,provisional,,
dataflow,ESTAT:NAMA_10R_2GDP(1.0),Gross domestic product (GDP) at current market prices by NUTS 2 region,A,Annual,PPS_EU27_2020_HAB,"Purchasing power standard (PPS, EU27 from 2020), per inhabitant",PL82,Podkarpackie,2014,,13100,,,,,
dataflow,ESTAT:NAMA_10R_2GDP(1.0),Gross domestic product (GDP) at current market prices by NUTS 2 region,A,Annual,PPS_EU27_2020_HAB,"Purchasing power standard (PPS, EU27 from 2020), per inhabitant",PL82,Podkarpackie,2015,,13900,,,,,
dataflow,ESTAT:NAMA_10R_2GDP(1.0),Gross domestic product (GDP) at current market prices by NUTS 2 region,A,Annual,PPS_EU27_2020_HAB,"Purchasing power standard (PPS, EU27 from 2020), per inhabitant",PL82,Podkarpackie,2016,,14000,,,,,
dataflow,ESTAT:NAMA_10R_2GDP(1.0),Gross domestic product (GDP) at current market prices by NUTS 2 region,A,Annual,PPS_EU27_2020_HAB,"Purchasing power standard (PPS, EU27 from 2020), per inhabitant",PL82,Podkarpackie,2017,,14600,,,,,
dataflow,ESTAT:NAMA_10R_2GDP(1.0),Gross domestic product (GDP) at current market prices by NUTS 2 region,A,Annual,PPS_EU27_2020_HAB,"Purchasing power standard (PPS, EU27 from 2020), per inhabitant",PL82,Podkarpackie,2018,,15600,,,,,
dataflow,ESTAT:NAMA_10R_2GDP(1.0),Gross domestic product (GDP) at current market prices by NUTS 2 region,A,Annual,PPS_EU27_2020_HAB,"Purchasing power standard (PPS, EU27 from 2020), per inhabitant",PL82,Podkarpackie,2019,,16600,,,,,
dataflow,ESTAT:NAMA_10R_2GDP(1.0),Gross domestic product (GDP) at current market prices by NUTS 2 region,A,Annual,PPS_EU27_2020_HAB,"Purchasing power standard (PPS, EU27 from 2020), per inhabitant",PL82,Podkarpackie,2020,,17100,,b,break in time series,,
dataflow,ESTAT:NAMA_10R_2GDP(1.0),Gross domestic product (GDP) at current market prices by NUTS 2 region,A,Annual,PPS_EU27_2020_HAB,"Purchasing power standard (PPS, EU27 from 2020), per inhabitant",PL82,Podkarpackie,2021,,18900,,,,,
dataflow,ESTAT:NAMA_10R_2GDP(1.0),Gross domestic product (GDP) at current market prices by NUTS 2 region,A,Annual,PPS_EU27_2020_HAB,"Purchasing power standard (PPS, EU27 from 2020), per inhabitant",PL82,Podkarpackie,2022,,20000,,b,break in time series,,
dataflow,ESTAT:NAMA_10R_2GDP(1.0),Gross domestic product (GDP) at current market prices by NUTS 2 region,A,Annual,PPS_EU27_2020_HAB,"Purchasing power standard (PPS, EU27 from 2020), per inhabitant",PL82,Podkarpackie,2023,,21100,,p,provisional,,
dataflow,ESTAT:NAMA_10R_2GDP(1.0),Gross domestic product (GDP) at current market prices by NUTS 2 region,A,Annual,PPS_EU27_2020_HAB,"Purchasing power standard (PPS, EU27 from 2020), per inhabitant",PL84,Podlaskie,2014,,13500,,,,,
dataflow,ESTAT:NAMA_10R_2GDP(1.0),Gross domestic product (GDP) at current market prices by NUTS 2 region,A,Annual,PPS_EU27_2020_HAB,"Purchasing power standard (PPS, EU27 from 2020), per inhabitant",PL84,Podlaskie,2015,,14100,,,,,
dataflow,ESTAT:NAMA_10R_2GDP(1.0),Gross domestic product (GDP) at current market prices by NUTS 2 region,A,Annual,PPS_EU27_2020_HAB,"Purchasing power standard (PPS, EU27 from 2020), per inhabitant",PL84,Podlaskie,2016,,14300,,,,,
dataflow,ESTAT:NAMA_10R_2GDP(1.0),Gross domestic product (GDP) at current market prices by NUTS 2 region,A,Annual,PPS_EU27_2020_HAB,"Purchasing power standard (PPS, EU27 from 2020), per inhabitant",PL84,Podlaskie,2017,,15200,,,,,
dataflow,ESTAT:NAMA_10R_2GDP(1.0),Gross domestic product (GDP) at current market prices by NUTS 2 region,A,Annual,PPS_EU27_2020_HAB,"Purchasing power standard (PPS, EU27 from 2020), per inhabitant",PL84,Podlaskie,2018,,16000,,,,,
dataflow,ESTAT:NAMA_10R_2GDP(1.0),Gross domestic product (GDP) at current market prices by NUTS 2 region,A,Annual,PPS_EU27_2020_HAB,"Purchasing power standard (PPS, EU27 from 2020), per inhabitant",PL84,Podlaskie,2019,,17100,,,,,
dataflow,ESTAT:NAMA_10R_2GDP(1.0),Gross domestic product (GDP) at current market prices by NUTS 2 region,A,Annual,PPS_EU27_2020_HAB,"Purchasing power standard (PPS, EU27 from 2020), per inhabitant",PL84,Podlaskie,2020,,18500,,b,break in time series,,
dataflow,ESTAT:NAMA_10R_2GDP(1.0),Gross domestic product (GDP) at current market prices by NUTS 2 region,A,Annual,PPS_EU27_2020_HAB,"Purchasing power standard (PPS, EU27 from 2020), per inhabitant",PL84,Podlaskie,2021,,19900,,,,,
dataflow,ESTAT:NAMA_10R_2GDP(1.0),Gross domestic product (GDP) at current market prices by NUTS 2 region,A,Annual,PPS_EU27_2020_HAB,"Purchasing power standard (PPS, EU27 from 2020), per inhabitant",PL84,Podlaskie,2022,,21800,,b,break in time series,,
dataflow,ESTAT:NAMA_10R_2GDP(1.0),Gross domestic product (GDP) at current market prices by NUTS 2 region,A,Annual,PPS_EU27_2020_HAB,"Purchasing power standard (PPS, EU27 from 2020), per inhabitant",PL84,Podlaskie,2023,,22700,,p,provisional,,
dataflow,ESTAT:NAMA_10R_2GDP(1.0),Gross domestic product (GDP) at current market prices by NUTS 2 region,A,Annual,PPS_EU27_2020_HAB,"Purchasing power standard (PPS, EU27 from 2020), per inhabitant",PL91,Warszawski stołeczny,2014,,39300,,,,,
dataflow,ESTAT:NAMA_10R_2GDP(1.0),Gross domestic product (GDP) at current market prices by NUTS 2 region,A,Annual,PPS_EU27_2020_HAB,"Purchasing power standard (PPS, EU27 from 2020), per inhabitant",PL91,Warszawski stołeczny,2015,,41600,,,,,
dataflow,ESTAT:NAMA_10R_2GDP(1.0),Gross domestic product (GDP) at current market prices by NUTS 2 region,A,Annual,PPS_EU27_2020_HAB,"Purchasing power standard (PPS, EU27 from 2020), per inhabitant",PL91,Warszawski stołeczny,2016,,41900,,,,,
dataflow,ESTAT:NAMA_10R_2GDP(1.0),Gross domestic product (GDP) at current market prices by NUTS 2 region,A,Annual,PPS_EU27_2020_HAB,"Purchasing power standard (PPS, EU27 from 2020), per inhabitant",PL91,Warszawski stołeczny,2017,,44400,,,,,
dataflow,ESTAT:NAMA_10R_2GDP(1.0),Gross domestic product (GDP) at current market prices by NUTS 2 region,A,Annual,PPS_EU27_2020_HAB,"Purchasing power standard (PPS, EU27 from 2020), per inhabitant",PL91,Warszawski stołeczny,2018,,47500,,,,,
dataflow,ESTAT:NAMA_10R_2GDP(1.0),Gross domestic product (GDP) at current market prices by NUTS 2 region,A,Annual,PPS_EU27_2020_HAB,"Purchasing power standard (PPS, EU27 from 2020), per inhabitant",PL91,Warszawski stołeczny,2019,,50700,,,,,
dataflow,ESTAT:NAMA_10R_2GDP(1.0),Gross domestic product (GDP) at current market prices by NUTS 2 region,A,Annual,PPS_EU27_2020_HAB,"Purchasing power standard (PPS, EU27 from 2020), per inhabitant",PL91,Warszawski stołeczny,2020,,48300,,b,break in time series,,
dataflow,ESTAT:NAMA_10R_2GDP(1.0),Gross domestic product (GDP) at current market prices by NUTS 2 region,A,Annual,PPS_EU27_2020_HAB,"Purchasing power standard (PPS, EU27 from 2020), per inhabitant",PL91,Warszawski stołeczny,2021,,51300,,,,,
dataflow,ESTAT:NAMA_10R_2GDP(1.0),Gross domestic product (GDP) at current market prices by NUTS 2 region,A,Annual,PPS_EU27_2020_HAB,"Purchasing power standard (PPS, EU27 from 2020), per inhabitant",PL91,Warszawski stołeczny,2022,,54500,,b,break in time series,,
dataflow,ESTAT:NAMA_10R_2GDP(1.0),Gross domestic product (GDP) at current market prices by NUTS 2 region,A,Annual,PPS_EU27_2020_HAB,"Purchasing power standard (PPS, EU27 from 2020), per inhabitant",PL91,Warszawski stołeczny,2023,,59300,,p,provisional,,
dataflow,ESTAT:NAMA_10R_2GDP(1.0),Gross domestic product (GDP) at current market prices by NUTS 2 region,A,Annual,PPS_EU27_2020_HAB,"Purchasing power standard (PPS, EU27 from 2020), per inhabitant",PL92,Mazowiecki regionalny,2014,,15500,,,,,
dataflow,ESTAT:NAMA_10R_2GDP(1.0),Gross domestic product (GDP) at current market prices by NUTS 2 region,A,Annual,PPS_EU27_2020_HAB,"Purchasing power standard (PPS, EU27 from 2020), per inhabitant",PL92,Mazowiecki regionalny,2015,,16700,,,,,
dataflow,ESTAT:NAMA_10R_2GDP(1.0),Gross domestic product (GDP) at current market prices by NUTS 2 region,A,Annual,PPS_EU27_2020_HAB,"Purchasing power standard (PPS, EU27 from 2020), per inhabitant",PL92,Mazowiecki regionalny,2016,,17000,,,,,
dataflow,ESTAT:NAMA_10R_2GDP(1.0),Gross domestic product (GDP) at current market prices by NUTS 2 region,A,Annual,PPS_EU27_2020_HAB,"Purchasing power standard (PPS, EU27 from 2020), per inhabitant",PL92,Mazowiecki regionalny,2017,,17800,,,,,
dataflow,ESTAT:NAMA_10R_2GDP(1.0),Gross domestic product (GDP) at current market prices by NUTS 2 region,A,Annual,PPS_EU27_2020_HAB,"Purchasing power standard (PPS, EU27 from 2020), per inhabitant",PL92,Mazowiecki regionalny,2018,,18500,,,,,
dataflow,ESTAT:NAMA_10R_2GDP(1.0),Gross domestic product (GDP) at current market prices by NUTS 2 region,A,Annual,PPS_EU27_2020_HAB,"Purchasing power standard (PPS, EU27 from 2020), per inhabitant",PL92,Mazowiecki regionalny,2019,,20100,,,,,
dataflow,ESTAT:NAMA_10R_2GDP(1.0),Gross domestic product (GDP) at current market prices by NUTS 2 region,A,Annual,PPS_EU27_2020_HAB,"Purchasing power standard (PPS, EU27 from 2020), per inhabitant",PL92,Mazowiecki regionalny,2020,,21100,,b,break in time series,,
dataflow,ESTAT:NAMA_10R_2GDP(1.0),Gross domestic product (GDP) at current market prices by NUTS 2 region,A,Annual,PPS_EU27_2020_HAB,"Purchasing power standard (PPS, EU27 from 2020), per inhabitant",PL92,Mazowiecki regionalny,2021,,23300,,,,,
dataflow,ESTAT:NAMA_10R_2GDP(1.0),Gross domestic product (GDP) at current market prices by NUTS 2 region,A,Annual,PPS_EU27_2020_HAB,"Purchasing power standard (PPS, EU27 from 2020), per inhabitant",PL92,Mazowiecki regionalny,2022,,26500,,b,break in time series,,
dataflow,ESTAT:NAMA_10R_2GDP(1.0),Gross domestic product (GDP) at current market prices by NUTS 2 region,A,Annual,PPS_EU27_2020_HAB,"Purchasing power standard (PPS, EU27 from 2020), per inhabitant",PL92,Mazowiecki regionalny,2023,,26700,,p,provisional,,
